{
  "date_trained": "2025-05-18T16:13:30.582516",
  "model_type": "XGBoost",
  "mae_test": 47.3769549831044,
  "mae_train": 47.3769549831044,
  "r2": 0.8925439585421593,
  "mape": 4.15566215517535,
  "rmse_test": 62.977398383445674,
  "rmse_train": 59.218198805049724
}
