{
  "date_trained": "2025-05-18T16:11:54.629627",
  "model_type": "LinearRegression",
  "mae_test": 91.64537470845401,
  "mae_train": 91.34617786516536,
  "r2": 0.6442074008093925,
  "mape": 8.06267271504719,
  "rmse_test": 114.59554965962873,
  "rmse_train": 114.3674734042744
}
